INSERT INTO bd_parque_ecologico.PARQUE_ECOLOGICO (COD_PARQUE, NOME, LOCALIZACAO, DATA_CRIACAO, TAMANHO) VALUES
    (1, 'Parque Ecológico A', 'Cidade A', '1990-01-15', 30),
    (2, 'Parque Natural B', 'Cidade B', '1985-07-22', 45),
    (3, 'Parque Ambiental C', 'Cidade C', '2002-03-10', 18),
    (4, 'Parque da Preservação D', 'Cidade D', '1998-12-03', 25),
    (5, 'Parque Sustentável E', 'Cidade E', '2005-06-28', 35),
    (6, 'Parque Ecológico F', 'Cidade F', '1982-09-17', 40),
    (7, 'Parque da Floresta G', 'Cidade G', '1996-04-09', 28),
    (8, 'Parque Preservado H', 'Cidade H', '2008-11-02', 22);

INSERT INTO bd_parque_ecologico.PROJETO_DE_CONSERVACAO (COD_PROJETO, OBJETIVO, DATA_FIM, DATA_INICIO, FINANCIAMENTO) VALUES
    (1, 'Preservação da Fauna Local', '2023-12-31', '2023-01-01', 50000),
    (2, 'Restauração de Ecossistemas', '2024-06-30', '2024-03-15', 75000),
    (3, 'Monitoramento de Espécies Ameaçadas', '2023-11-30', '2023-05-01', 30000),
    (4, 'Educação Ambiental nas Comunidades Locais', '2024-05-15', '2024-01-10', 60000),
    (5, 'Pesquisa sobre Biodiversidade', '2023-09-30', '2023-04-15', 45000);

INSERT INTO bd_parque_ecologico.PROJETO_PARQUE (COD_PARQUE, COD_PROJETO) VALUES
    (1, 1),
    (1, 2),
    (2, 3),
    (3, 1),
    (4, 4),
    (5, 5),
    (6, 2),
    (7, 3),
    (7, 5),
    (8, 1),
    (8, 4),
    (8, 5),
    (8, 2);

INSERT INTO bd_parque_ecologico.TRILHA (COD_TRILHA, DISTANCIA, NOME) VALUES
    (1, 5, 'Trilha da Floresta'),
    (2, 8, 'Trilha das Cachoeiras'),
    (3, 12, 'Trilha do Mirante'),
    (4, 6, 'Trilha da Nascente'),
    (5, 10, 'Trilha do Riacho'),
    (6, 4, 'Trilha do Bosque'),
    (7, 7, 'Trilha da Montanha'),
    (8, 9, 'Trilha do Vale'),
    (9, 11, 'Trilha do Pico'),
    (10, 3, 'Trilha do Lago'),
    (11, 15, 'Trilha da Colina'),
    (12, 6, 'Trilha do Cedro'),
    (13, 8, 'Trilha da Gruta'),
    (14, 10, 'Trilha do Sertão'),
    (15, 13, 'Trilha do Planalto'),
    (16, 5, 'Trilha do Bosque'),
    (17, 9, 'Trilha do Riacho'),
    (18, 12, 'Trilha da Nascente');

INSERT INTO bd_parque_ecologico.TRILHA_PARQUE (COD_PARQUE, COD_TRILHA) VALUES
    (1, 1),
    (1, 2),
    (1, 3),
    (2, 4),
    (2, 5),
    (3, 6),
    (3, 7),
    (4, 8),
    (4, 9),
    (5, 10),
    (5, 11),
    (6, 12),
    (6, 13),
    (7, 14),
    (7, 15),
    (8, 16),
    (8, 17),
    (8, 18);

INSERT INTO bd_parque_ecologico.PESQUISADOR (COD_PESQUISADOR, NOME, AFILIACAO) VALUES
    (1, 'João Silva', 'Universidade Federal de São Paulo'),
    (2, 'Maria Oliveira', 'Instituto de Pesquisas Ambientais'),
    (3, 'Carlos Pereira', 'Centro de Estudos de Conservação'),
    (4, 'Ana Souza', 'Universidade Estadual do Rio de Janeiro'),
    (5, 'Rafael Costa', 'Fundação de Pesquisas Científicas'),
    (6, 'Laura Santos', 'Instituto Nacional de Pesquisas da Amazônia'),
    (7, 'Pedro Almeida', 'Centro de Estudos Avançados em Conservação'),
    (8, 'Isabel Rocha', 'Universidade Federal do Paraná'),
    (9, 'Fernando Lima', 'Sociedade Brasileira de Estudos Ambientais'),
    (10, 'Mariana Cardoso', 'Instituto de Pesquisas Ecológicas'),
    (11, 'Lucas Oliveira', 'Centro de Conservação da Natureza'),
    (12, 'Carla Mendes', 'Fundação para o Desenvolvimento Sustentável'),
    (13, 'André Santos', 'Instituto Brasileiro de Conservação'),
    (14, 'Camila Costa', 'Centro de Estudos Ambientais'),
    (15, 'Gustavo Pereira', 'Universidade Federal do Amazonas'),
    (16, 'Larissa Silva', 'Instituto Nacional de Pesquisas Biológicas'),
    (17, 'Bruno Alves', 'Associação Brasileira para a Conservação da Natureza'),
    (18, 'Juliana Rodrigues', 'Fundação de Pesquisas Ambientais'),
    (19, 'Roberto Nunes', 'Centro de Conservação da Biodiversidade'),
    (20, 'Daniela Costa', 'Instituto de Pesquisas em Ecologia');

INSERT INTO bd_parque_ecologico.PESQUISA_CIENTIFICA (COD_PESQUISA, DESCRICAO, ORCAMENTO, TITULO) VALUES
    (1, 'Estudo sobre a Migração de Aves', 50000, 'Aves Migratórias na Região Sul'),
    (2, 'Monitoramento de Populações de Mamíferos', 75000, 'Dinâmica Populacional de Mamíferos Terrestres'),
    (3, 'Análise da Biodiversidade Aquática', 60000, 'Ecossistema Aquático: Uma Perspectiva Integrada'),
    (4, 'Impactos do Desmatamento na Flora Local', 45000, 'Efeitos do Desmatamento na Comunidade Vegetal'),
    (5, 'Avaliação da Qualidade do Solo', 55000, 'Qualidade do Solo em Áreas de Conservação'),
    (6, 'Comportamento Reprodutivo de Anfíbios', 48000, 'Reprodução de Anfíbios na Natureza'),
    (7, 'Efeito das Mudanças Climáticas nas Aves', 68000, 'Aves e Mudanças Climáticas'),
    (8, 'Ecologia de Insetos Polinizadores', 52000, 'Insetos Polinizadores em Ecossistemas Protegidos'),
    (9, 'Diversidade Genética em Populações de Plantas', 60000, 'Genética de Populações Vegetais em Parques Naturais');

INSERT INTO bd_parque_ecologico.PESQUISA_PESQUISADOR (COD_PESQUISADOR, COD_PESQUISA) VALUES
    (1, 1),
    (2, 2),
    (3, 3),
    (4, 4),
    (5, 5),
    (6, 6),
    (7, 7),
    (8, 8),
    (9, 9),
    (10, 1),
    (11, 2),
    (12, 3),
    (13, 4),
    (14, 5),
    (15, 6),
    (16, 7),
    (17, 8),
    (18, 9),
    (19, 1),
    (20, 2);

INSERT INTO bd_parque_ecologico.PESQUISA_PARQUE (COD_PARQUE, COD_PESQUISA) VALUES
    (1, 1),
    (1, 2),
    (1, 3),
    (2, 4),
    (2, 5),
    (3, 6),
    (3, 7),
    (4, 8),
    (4, 9),
    (5, 1),
    (5, 2),
    (6, 3),
    (6, 4),
    (7, 5),
    (7, 6),
    (8, 7),
    (8, 8),
    (8, 9);

INSERT INTO bd_parque_ecologico.VISITANTE (COD_VISITANTE, NOME, DATA_NASCIMENTO, CPF) VALUES
    (1, 'Ana Silva', '1990-02-15', 12345678901),
    (2, 'Carlos Oliveira', '1985-08-22', 23456789012),
    (3, 'Mariana Souza', '2000-03-10', 34567890123),
    (4, 'Rodrigo Pereira', '1998-12-03', 45678901234),
    (5, 'Fernanda Lima', '1983-06-28', 56789012345),
    (6, 'Rafael Santos', '1979-09-17', 67890123456),
    (7, 'Julia Almeida', '1996-04-09', 78901234567),
    (8, 'Lucas Rocha', '2008-11-02', 89012345678),
    (9, 'Larissa Costa', '1992-01-22', 90123456789),
    (10, 'Pedro Oliveira', '1987-07-15', 12312312312),
    (11, 'Isabela Pereira', '2002-04-20', 23423423423),
    (12, 'Gustavo Souza', '1980-10-30', 34534534534),
    (13, 'Camila Lima', '1995-11-15', 45645645645),
    (14, 'Daniel Santos', '1976-12-05', 56756756756),
    (15, 'Manuela Alves', '1989-05-01', 67867867867),
    (16, 'Bruno Costa', '2005-08-08', 78978978978),
    (17, 'Laura Rocha', '1993-09-25', 89089089089),
    (18, 'Ricardo Oliveira', '1974-02-12', 12332112332),
    (19, 'Beatriz Pereira', '2001-07-18', 23443223443),
    (20, 'Vinicius Souza', '1988-04-03', 34554334554),
    (21, 'Amanda Lima', '1994-10-12', 45665445665),
    (22, 'Felipe Santos', '1977-11-27', 56776556776),
    (23, 'Natália Almeida', '1997-06-05', 67887667887),
    (24, 'João Rocha', '2003-01-30', 78998778998),
    (25, 'Sofia Costa', '1981-08-25', 89009890009),
    (26, 'Diego Oliveira', '1999-03-20', 11122233344),
    (27, 'Catarina Pereira', '2004-04-15', 22233344455),
    (28, 'Eduardo Souza', '1986-09-10', 33344455566),
    (29, 'Luiza Lima', '1991-05-22', 44455566677),
    (30, 'Marcelo Santos', '1978-12-09', 55566677788),
    (31, 'Clara Alves', '2006-07-02', 66677788899),
    (32, 'Lucas Rocha', '1982-01-17', 77788899900),
    (33, 'Gabriela Costa', '1998-10-08', 88899900011),
    (34, 'Henrique Oliveira', '2000-02-28', 99900011122),
    (35, 'Isadora Pereira', '1984-06-13', 11122233345),
    (36, 'Thiago Souza', '1996-03-18', 22233344456),
    (37, 'Ana Carolina Lima', '1989-09-05', 33344455567),
    (38, 'Matheus Santos', '2002-04-30', 44455566678),
    (39, 'Laura Almeida', '1975-11-24', 55566677789),
    (40, 'Victor Rocha', '1990-08-19', 66677788890),
    (41, 'Helena Costa', '2007-01-14', 77788899901),
    (42, 'João Pedro Oliveira', '1983-04-09', 88899900012),
    (43, 'Letícia Pereira', '1995-10-04', 99900011123),
    (44, 'Gabriel Souza', '2001-05-29', 11122233346),
    (45, 'Clara Lima', '1977-12-23', 22233344457),
    (46, 'Lucas Alves', '1992-06-10', 33344455568),
    (47, 'Carolina Santos', '1994-03-25', 44455566679),
    (48, 'Bruno Rocha', '1986-10-18', 55566677790),
    (49, 'Marina Costa', '2004-07-13', 66677788891),
    (50, 'Rafael Oliveira', '1978-02-08', 77788899902),
    (51, 'Júlia Pereira', '1999-09-03', 88899900013),
    (52, 'Pedro Souza', '2003-04-28', 99900011124);

INSERT INTO bd_parque_ecologico.VISITA (COD_VISITA, DATA_VISITA, COD_VISITANTE, COD_PARQUE) VALUES
    (1, '2021-01-05 10:30:00', 1, 1),
    (2, '2021-01-12 14:15:00', 2, 2),
    (3, '2021-02-08 11:45:00', 3, 3),
    (4, '2021-02-20 09:00:00', 4, 4),
    (5, '2021-03-03 16:20:00', 5, 5),
    (6, '2021-03-15 13:10:00', 6, 6),
    (7, '2021-04-10 11:00:00', 7, 7),
    (8, '2021-04-18 15:30:00', 8, 8),
    (9, '2021-05-02 12:45:00', 9, 1),
    (10, '2021-05-20 14:00:00', 10, 2),
    (11, '2021-06-08 09:45:00', 11, 3),
    (12, '2021-06-25 10:30:00', 12, 4),
    (13, '2021-07-05 16:00:00', 13, 5),
    (14, '2021-07-12 12:30:00', 14, 6),
    (15, '2021-08-03 14:15:00', 15, 7),
    (16, '2021-08-18 10:00:00', 16, 8),
    (17, '2021-09-02 11:20:00', 17, 1),
    (18, '2021-09-20 15:45:00', 18, 2),
    (19, '2021-10-08 13:30:00', 19, 3),
    (20, '2021-10-22 14:00:00', 20, 4),
    (21, '2021-11-05 10:15:00', 21, 5),
    (22, '2021-11-15 11:30:00', 22, 6),
    (23, '2021-12-02 16:45:00', 23, 7),
    (24, '2021-12-18 12:00:00', 24, 8),
    (25, '2021-01-15 14:10:00', 25, 1),
    (26, '2021-01-28 09:30:00', 26, 2),
    (27, '2021-02-10 12:20:00', 27, 3),
    (28, '2021-02-22 15:00:00', 28, 4),
    (29, '2021-03-08 13:45:00', 29, 5),
    (30, '2021-03-25 11:10:00', 30, 6),
    (31, '2021-04-12 14:30:00', 31, 7),
    (32, '2021-04-28 10:50:00', 32, 8),
    (33, '2021-05-15 12:15:00', 33, 1),
    (34, '2021-05-30 15:40:00', 34, 2),
    (35, '2021-06-10 11:55:00', 35, 3),
    (36, '2021-06-28 10:25:00', 36, 4),
    (37, '2021-07-15 16:35:00', 37, 5),
    (38, '2021-07-22 12:40:00', 38, 6),
    (39, '2021-08-05 14:50:00', 39, 7),
    (40, '2021-08-20 09:15:00', 40, 8),
    (41, '2021-09-08 11:40:00', 41, 1),
    (42, '2021-09-25 14:05:00', 42, 2),
    (43, '2021-10-10 13:20:00', 43, 3),
    (44, '2021-10-22 15:15:00', 44, 4),
    (45, '2021-11-05 10:30:00', 45, 5),
    (46, '2021-11-18 12:25:00', 46, 6),
    (47, '2021-12-02 16:40:00', 47, 7),
    (48, '2021-12-15 14:00:00', 48, 8),
    (49, '2021-12-28 11:30:00', 49, 1),
    (50, '2021-01-12 10:45:00', 50, 2),
    (51, '2021-01-05 11:45:00', 1, 1),
    (52, '2021-01-12 15:30:00', 2, 2),
    (53, '2021-02-08 13:00:00', 3, 3),
    (54, '2021-02-20 10:15:00', 4, 4),
    (55, '2021-03-03 17:40:00', 5, 5),
    (56, '2021-03-15 14:30:00', 6, 6),
    (57, '2021-04-10 12:30:00', 7, 7),
    (58, '2021-04-18 16:15:00', 8, 8),
    (59, '2021-05-02 13:30:00', 9, 1),
    (60, '2021-05-20 15:45:00', 10, 2),
    (61, '2021-06-08 11:00:00', 11, 3),
    (62, '2021-06-25 11:45:00', 12, 4),
    (63, '2021-07-05 17:10:00', 13, 5),
    (64, '2021-07-12 13:30:00', 14, 6),
    (65, '2021-08-03 15:15:00', 15, 7),
    (66, '2021-08-18 11:40:00', 16, 8),
    (67, '2021-09-02 12:50:00', 17, 1),
    (68, '2021-09-20 16:35:00', 18, 2),
    (69, '2021-10-08 14:50:00', 19, 3),
    (70, '2021-10-22 16:45:00', 20, 4),
    (71, '2021-11-05 11:55:00', 21, 5),
    (72, '2021-11-15 12:40:00', 22, 6),
    (73, '2021-12-02 17:05:00', 23, 7),
    (74, '2021-12-18 13:20:00', 24, 8),
    (75, '2021-01-15 15:30:00', 25, 1),
    (76, '2021-01-28 10:45:00', 26, 2),
    (77, '2021-02-10 13:30:00', 27, 3),
    (78, '2021-02-22 16:15:00', 28, 4),
    (79, '2021-03-08 14:40:00', 29, 5),
    (80, '2021-03-25 12:00:00', 30, 6),
    (81, '2021-04-12 15:20:00', 31, 7),
    (82, '2021-04-28 11:40:00', 32, 8),
    (83, '2021-05-15 13:50:00', 33, 1),
    (84, '2021-05-30 16:25:00', 34, 2),
    (85, '2021-06-10 12:40:00', 35, 3),
    (86, '2021-06-28 11:00:00', 36, 4),
    (87, '2021-07-15 17:25:00', 37, 5),
    (88, '2021-07-22 13:45:00', 38, 6),
    (89, '2021-08-05 15:30:00', 39, 7),
    (90, '2021-08-20 10:45:00', 40, 8),
    (91, '2021-09-08 12:55:00', 41, 1),
    (92, '2021-09-25 16:40:00', 42, 2),
    (93, '2021-10-10 15:00:00', 43, 3),
    (94, '2021-10-22 17:00:00', 44, 4),
    (95, '2021-11-05 12:15:00', 45, 5),
    (96, '2021-11-18 13:00:00', 46, 6),
    (97, '2021-12-02 17:25:00', 47, 7),
    (98, '2021-12-15 14:40:00', 48, 8),
    (99, '2022-01-05 11:45:00', 1, 1),
    (100, '2022-01-12 15:30:00', 2, 2),
    (101, '2022-02-08 13:00:00', 3, 3),
    (102, '2022-02-20 10:15:00', 4, 4),
    (103, '2022-03-03 17:40:00', 5, 5),
    (104, '2022-03-15 14:30:00', 6, 6),
    (105, '2022-04-10 12:30:00', 7, 7),
    (106, '2022-04-18 16:15:00', 8, 8),
    (107, '2022-05-02 13:30:00', 9, 1),
    (108, '2022-05-20 15:45:00', 10, 2),
    (109, '2022-06-08 11:00:00', 11, 3),
    (110, '2022-06-25 11:45:00', 12, 4),
    (111, '2022-07-05 17:10:00', 13, 5),
    (112, '2022-07-12 13:30:00', 14, 6),
    (113, '2022-08-03 15:15:00', 15, 7),
    (114, '2022-08-18 11:40:00', 16, 8),
    (115, '2022-09-02 12:50:00', 17, 1),
    (116, '2022-09-20 16:35:00', 18, 2),
    (117, '2022-10-08 14:50:00', 19, 3),
    (118, '2022-10-22 16:45:00', 20, 4),
    (119, '2022-11-05 11:55:00', 21, 5),
    (120, '2022-11-15 12:40:00', 22, 6),
    (121, '2022-12-02 17:05:00', 23, 7),
    (122, '2022-12-18 13:20:00', 24, 8),
    (123, '2022-01-15 15:30:00', 25, 1),
    (124, '2022-01-28 10:45:00', 26, 2),
    (125, '2022-02-10 13:30:00', 27, 3),
    (126, '2022-02-22 16:15:00', 28, 4),
    (127, '2022-03-08 14:40:00', 29, 5),
    (128, '2022-03-25 12:00:00', 30, 6),
    (129, '2022-04-12 15:20:00', 31, 7),
    (130, '2022-04-28 11:40:00', 32, 8),
    (131, '2022-05-15 13:50:00', 33, 1),
    (132, '2022-05-30 16:25:00', 34, 2),
    (133, '2022-06-10 12:40:00', 35, 3),
    (134, '2022-06-28 11:00:00', 36, 4),
    (135, '2022-07-15 17:25:00', 37, 5),
    (136, '2022-07-22 13:45:00', 38, 6),
    (137, '2022-08-05 15:30:00', 39, 7),
    (138, '2022-08-20 10:45:00', 40, 8),
    (139, '2022-09-08 12:55:00', 41, 1),
    (140, '2022-09-25 16:40:00', 42, 2),
    (141, '2022-10-10 15:00:00', 43, 3),
    (142, '2022-10-22 17:00:00', 44, 4),
    (143, '2022-11-05 12:15:00', 45, 5),
    (144, '2022-11-18 13:00:00', 46, 6),
    (145, '2022-12-02 17:25:00', 47, 7),
    (146, '2022-12-15 14:40:00', 48, 8),
    (147, '2023-01-05 11:45:00', 1, 1),
    (148, '2023-01-12 15:30:00', 2, 2),
    (149, '2023-02-08 13:00:00', 3, 3),
    (150, '2023-02-20 10:15:00', 4, 4),
    (151, '2023-03-03 17:40:00', 5, 5),
    (152, '2023-03-15 14:30:00', 6, 6),
    (153, '2023-04-10 12:30:00', 7, 7),
    (154, '2023-04-18 16:15:00', 8, 8),
    (155, '2023-05-02 13:30:00', 9, 1),
    (156, '2023-05-20 15:45:00', 10, 2),
    (157, '2023-06-08 11:00:00', 11, 3),
    (158, '2023-06-25 11:45:00', 12, 4),
    (159, '2023-07-05 17:10:00', 13, 5),
    (160, '2023-07-12 13:30:00', 14, 6),
    (161, '2023-08-03 15:15:00', 15, 7),
    (162, '2023-08-18 11:40:00', 16, 8),
    (163, '2023-09-02 12:50:00', 17, 1),
    (164, '2023-09-20 16:35:00', 18, 2),
    (165, '2023-10-08 14:50:00', 19, 3),
    (166, '2023-10-22 16:45:00', 20, 4),
    (167, '2023-11-05 11:55:00', 21, 5),
    (168, '2023-11-15 12:40:00', 22, 6),
    (169, '2023-12-02 17:05:00', 23, 7),
    (170, '2023-12-18 13:20:00', 24, 8),
    (171, '2023-01-15 15:30:00', 25, 1),
    (172, '2023-01-28 10:45:00', 26, 2),
    (173, '2023-02-10 13:30:00', 27, 3),
    (174, '2023-02-22 16:15:00', 28, 4),
    (175, '2023-03-08 14:40:00', 29, 5),
    (176, '2023-03-25 12:00:00', 30, 6),
    (177, '2023-04-12 15:20:00', 31, 7),
    (178, '2023-04-28 11:40:00', 32, 8),
    (179, '2023-05-15 13:50:00', 33, 1),
    (180, '2023-05-30 16:25:00', 34, 2),
    (181, '2023-06-10 12:40:00', 35, 3),
    (182, '2023-06-28 11:00:00', 36, 4),
    (183, '2023-07-15 17:25:00', 37, 5),
    (184, '2023-07-22 13:45:00', 38, 6),
    (185, '2023-08-05 15:30:00', 39, 7),
    (186, '2023-08-20 10:45:00', 40, 8),
    (187, '2023-09-08 12:55:00', 41, 1),
    (188, '2023-09-25 16:40:00', 42, 2),
    (189, '2023-10-10 15:00:00', 43, 3),
    (190, '2023-10-22 17:00:00', 44, 4),
    (191, '2023-11-05 12:15:00', 45, 5),
    (192, '2023-11-18 13:00:00', 46, 6),
    (193, '2023-12-02 17:25:00', 47, 7),
    (194, '2023-12-15 14:40:00', 48, 8),
    (195, '2023-01-05 11:45:00', 49, 1),
    (196, '2023-01-12 15:30:00', 50, 2),
    (197, '2023-02-08 13:00:00', 51, 3),
    (198, '2023-02-20 10:15:00', 52, 4),
    (199, '2023-03-03 17:40:00', 1, 5),
    (200, '2023-03-15 14:30:00', 2, 6);

INSERT INTO bd_parque_ecologico.EVENTO (COD_EVENTO, NOME, LOCALIZACAO) VALUES
    (1, 'Workshop de Conservação', 'Rua das Flores, 123, Cidade A'),
    (2, 'Palestra sobre Biodiversidade', 'Avenida Principal, 456, Cidade B'),
    (3, 'Expedição Fotográfica', 'Parque Ambiental C'),
    (4, 'Feira de Sustentabilidade', 'Avenida dos Pássaros, 234, Cidade D'),
    (5, 'Dia da Natureza', 'Rua da Montanha, 567, Cidade E'),
    (6, 'Caminhada Ecológica', 'Avenida da Água, 890, Cidade F'),
    (7, 'Oficina de Reciclagem', 'Rua da Floresta, 112, Cidade G'),
    (8, 'Conferência de Ecologia', 'Avenida da Preservação, 334, Cidade H'),
    (9, 'Dia do Arborismo', 'Rua das Árvores, 556, Cidade A'),
    (10, 'Encontro de Observação de Aves', 'Avenida dos Passarinhos, 778, Cidade B'),
    (11, 'Festival de Cinema Ambiental', 'Parque Ambiental C'),
    (12, 'Mutirão de Limpeza', 'Parque da Preservação D'),
    (13, 'Feira de Plantas Nativas', 'Rua da Flora, 1344, Cidade E'),
    (14, 'Dia da Recuperação de Áreas Degradadas', 'Avenida dos Pinheiros, 1566, Cidade F'),
    (15, 'Curso de Identificação de Fauna e Flora', 'Rua do Sertão, 1788, Cidade G'),
    (16, 'Aula Aberta sobre Sustentabilidade', 'Avenida das Colinas, 2000, Cidade H'),
    (17, 'Exposição de Fotografia Ambiental', 'Rua do Vale, 2222, Cidade A'),
    (18, 'Feira de Produtos Sustentáveis', 'Parque Natural B');

INSERT INTO bd_parque_ecologico.EVENTO_PARQUE (COD_EVENTO_PARQUE, DATA_INICIO, DATA_FIM, COD_EVENTO, COD_PARQUE) VALUES
    (1, '2022-05-10', '2022-05-15', 1, 1),
    (2, '2022-06-20', '2022-06-25', 2, 2),
    (3, '2022-07-12', '2022-07-18', 3, 3),
    (4, '2022-08-05', '2022-08-10', 4, 4),
    (5, '2022-09-15', '2022-09-20', 5, 5),
    (6, '2022-10-22', '2022-10-27', 6, 6),
    (7, '2022-11-10', '2022-11-15', 7, 7),
    (8, '2022-12-05', '2022-12-10', 8, 8),
    (9, '2023-01-15', '2023-01-20', 9, 1),
    (10, '2023-02-20', '2023-02-25', 10, 2),
    (11, '2023-03-12', '2023-03-18', 11, 3),
    (12, '2023-04-05', '2023-04-10', 12, 4),
    (13, '2023-05-15', '2023-05-20', 13, 5),
    (14, '2023-06-22', '2023-06-27', 14, 6),
    (15, '2023-07-10', '2023-07-15', 15, 7),
    (16, '2023-08-05', '2023-08-10', 16, 8),
    (17, '2023-09-18', '2023-09-23', 17, 1),
    (18, '2023-10-12', '2023-10-17', 18, 2);

INSERT INTO bd_parque_ecologico.PARTICIPACAO (COD_PARTICIPACAO, DATA_VISITA, COD_EVENTO_PARQUE, COD_VISITANTE) VALUES
    (1, '2022-05-11', 1, 1),
    (2, '2022-06-22', 2, 2),
    (3, '2022-07-16', 3, 3),
    (4, '2022-08-09', 4, 4),
    (5, '2022-09-18', 5, 5),
    (6, '2022-10-25', 6, 6),
    (7, '2022-11-14', 7, 7),
    (8, '2022-12-08', 8, 8),
    (9, '2023-01-13', 9, 9),
    (10, '2023-02-23', 10, 10),
    (11, '2023-03-17', 11, 11),
    (12, '2023-04-08', 12, 12),
    (13, '2023-05-15', 13, 13),
    (14, '2023-06-22', 14, 14),
    (15, '2023-07-11', 15, 15),
    (16, '2023-08-06', 16, 16),
    (17, '2023-09-21', 17, 17),
    (18, '2023-10-13', 18, 18),
    (19, '2022-07-12', 1, 19),
    (20, '2022-08-05', 2, 20),
    (21, '2022-09-18', 3, 21),
    (22, '2022-10-22', 4, 22),
    (23, '2022-11-10', 5, 23),
    (24, '2023-01-15', 6, 24),
    (25, '2023-02-20', 7, 25),
    (26, '2023-03-12', 8, 26),
    (27, '2023-04-05', 9, 27),
    (28, '2022-05-10', 10, 28),
    (29, '2022-06-20', 11, 29),
    (30, '2022-07-12', 12, 30),
    (31, '2022-08-05', 13, 31),
    (32, '2022-09-15', 14, 32),
    (33, '2022-10-22', 15, 33),
    (34, '2022-11-10', 16, 34),
    (35, '2022-12-05', 17, 35),
    (36, '2023-01-15', 18, 36),
    (37, '2023-02-20', 1, 37),
    (38, '2023-03-12', 2, 38),
    (39, '2023-04-05', 3, 39),
    (40, '2023-05-15', 4, 40),
    (41, '2023-06-15', 5, 41),
    (42, '2023-07-10', 6, 42),
    (43, '2023-08-05', 7, 43),
    (44, '2023-09-18', 8, 44),
    (45, '2023-10-12', 9, 45),
    (46, '2022-11-10', 10, 46),
    (47, '2023-01-15', 11, 47),
    (48, '2023-02-20', 12, 48),
    (49, '2023-03-12', 13, 49),
    (50, '2023-04-05', 14, 50),

INSERT INTO bd_parque_ecologico.ESPECIE (COD_ESPECIE, NOME_CIENTIFICO, NOME_COMUM) VALUES
    (1, 'Panthera leo', 'Leão'),
    (2, 'Elephas maximus', 'Elefante Asiático'),
    (3, 'Gorilla beringei', 'Gorila da Montanha'),
    (4, 'Phyllobates terribilis', 'Sapo-dourado'),
    (5, 'Ursus arctos horribilis', 'Urso Grizzly'),
    (6, 'Chelonoidis nigra', 'Tartaruga Gigante'),
    (7, 'Canis lupus', 'Lobo Cinzento'),
    (8, 'Ailuropoda melanoleuca', 'Panda Gigante'),
    (9, 'Pan troglodytes', 'Chimpanzé'),
    (10, 'Puma concolor', 'Puma'),
    (11, 'Quercus robur', 'Carvalho'),
    (12, 'Pinus sylvestris', 'Pinheiro-manso'),
    (13, 'Rosa gallica', 'Rosa'),
    (14, 'Cattleya labiata', 'Orquídea'),
    (15, 'Ficus elastica', 'Figueira de folha larga'),
    (16, 'Aloe vera', 'Aloe Vera');

INSERT INTO bd_parque_ecologico.ESPECIE_FAUNA (TAMANHO, DIETA, COD_ESPECIE) VALUES
    (2, 'Carnívoro', 1),
    (3, 'Herbívoro', 2),
    (1, 'Omnívoro', 3),
    (0.1, 'Insetívoro', 4),
    (2.5, 'Omnívoro', 5),
    (1.2, 'Herbívoro', 6),
    (0.8, 'Carnívoro', 7),
    (1.5, 'Herbívoro', 8),
    (1.2, 'Frugívoro', 9),
    (1.8, 'Carnívoro', 10);

INSERT INTO bd_parque_ecologico.ESPECIE_FLORA (ALTURA, SOLO, COD_ESPECIE) VALUES
    (20, 'Argiloso', 11),
    (25, 'Arenoso', 12),
    (1, 'Turfa', 13),
    (0.5, 'Arenoso', 14),
    (15, 'Argiloso', 15),
    (10, 'Arenoso', 16);

INSERT INTO bd_parque_ecologico.ESPECIE_PARQUE (COD_CONTAGEM, QUANTIDADE, DATA_CONTAGEM, COD_PARQUE, COD_ESPECIE) VALUES
    (1, 10, '2021-01-10', 2, 1),
    (2, 8, '2021-01-15', 4, 2),
    (3, 5, '2021-02-02', 7, 3),
    (4, 12, '2021-02-18', 6, 4),
    (5, 20, '2021-03-05', 5, 5),
    (6, 15, '2021-03-20', 3, 6),
    (7, 7, '2021-04-08', 8, 7),
    (8, 18, '2021-04-15', 1, 8),
    (9, 25, '2021-05-02', 1, 9),
    (10, 10, '2021-05-18', 4, 10),
    (11, 15, '2021-06-05', 6, 11),
    (12, 8, '2021-06-20', 7, 12),
    (13, 18, '2021-07-10', 5, 13),
    (14, 30, '2021-07-15', 3, 14),
    (15, 5, '2021-08-02', 8, 15),
    (16, 12, '2021-08-18', 2, 16),
    (17, 20, '2021-09-05', 3, 1),
    (18, 22, '2021-09-20', 4, 2),
    (19, 13, '2021-10-08', 7, 3),
    (20, 17, '2021-10-15', 6, 4),
    (21, 8, '2021-11-02', 6, 5),
    (22, 25, '2021-11-18', 2, 6),
    (23, 14, '2021-12-05', 4, 7),
    (24, 30, '2021-12-15', 1, 8),
    (25, 12, '2021-12-31', 2, 9),
    (26, 8, '2022-01-10', 6, 1),
    (27, 5, '2022-01-15', 7, 2),
    (28, 4, '2022-02-02', 8, 3),
    (29, 10, '2022-02-18', 3, 4),
    (30, 15, '2022-03-05', 3, 5),
    (31, 20, '2022-03-20', 6, 6),
    (32, 7, '2022-04-08', 6, 7),
    (33, 12, '2022-04-15', 5, 8),
    (34, 18, '2022-05-02', 2, 9),
    (35, 9, '2022-05-18', 1, 10),
    (36, 14, '2022-06-05', 7, 11),
    (37, 6, '2022-06-20', 3, 12),
    (38, 17, '2022-07-10', 4, 13),
    (39, 25, '2022-07-15', 1, 14),
    (40, 8, '2022-08-02', 6, 15),
    (41, 14, '2022-08-18', 3, 16),
    (42, 22, '2022-09-05', 2, 1),
    (43, 20, '2022-09-20', 5, 2),
    (44, 10, '2022-10-08', 2, 3),
    (45, 16, '2022-10-15', 6, 4),
    (46, 7, '2022-11-02', 3, 5),
    (47, 30, '2022-11-18', 1, 6),
    (48, 15, '2022-12-05', 4, 7),
    (49, 28, '2022-12-15', 5, 8),
    (50, 10, '2022-12-31', 8, 9),
    (51, 12, '2023-01-10', 7, 1),
    (52, 7, '2023-01-15', 8, 2),
    (53, 6, '2023-02-02', 3, 3),
    (54, 15, '2023-02-18', 1, 4),
    (55, 18, '2023-03-05', 1, 5),
    (56, 22, '2023-03-20', 3, 6),
    (57, 8, '2023-04-08', 8, 7),
    (58, 14, '2023-04-15', 5, 8),
    (59, 20, '2023-05-02', 3, 9),
    (60, 10, '2023-05-18', 4, 10),
    (61, 13, '2023-06-05', 5, 11),
    (62, 5, '2023-06-20', 3, 12),
    (63, 20, '2023-07-10', 3, 13),
    (64, 28, '2023-07-15', 1, 14),
    (65, 9, '2023-08-02', 4, 15),
    (66, 16, '2023-08-18', 3, 16),
    (67, 25, '2023-09-05', 8, 1),
    (68, 18, '2023-09-20', 4, 2),
    (69, 11, '2023-10-08', 6, 3),
    (70, 14, '2023-10-15', 5, 4),
    (71, 7, '2023-11-02', 8, 5),
    (72, 35, '2023-11-18', 3, 6),
    (73, 17, '2023-12-05', 1, 7),
    (74, 30, '2023-12-15', 8, 8),
    (75, 8, '2023-12-31', 3, 9);

INSERT INTO bd_parque_ecologico.REGISTRO_CLIMATICO (COD_REGISTRO, DATA_REGISTRO, UMIDADE, TEMPERATURA, PRECIPITACAO, COD_PARQUE) VALUES
    (1, '2021-01-01 08:00:00', 80, 25, 5, 1),
    (2, '2021-01-02 12:00:00', 75, 28, 8, 2),
    (3, '2021-01-03 16:00:00', 70, 30, 10, 3),
    (4, '2021-01-04 20:00:00', 65, 23, 3, 4),
    (5, '2021-01-05 10:00:00', 85, 27, 12, 5),
    (6, '2021-01-06 14:00:00', 78, 22, 6, 6),
    (7, '2021-01-07 18:00:00', 73, 26, 9, 7),
    (8, '2021-01-08 22:00:00', 68, 29, 11, 8),
    (9, '2021-01-09 09:00:00', 82, 24, 4, 1),
    (10, '2021-01-10 13:00:00', 76, 31, 7, 2),
    (11, '2021-01-11 17:00:00', 71, 20, 2, 3),
    (12, '2021-01-12 21:00:00', 66, 25, 5, 4),
    (13, '2021-01-13 11:00:00', 88, 28, 8, 5),
    (14, '2021-01-14 15:00:00', 79, 21, 3, 6),
    (15, '2021-01-15 19:00:00', 74, 27, 6, 7),
    (16, '2021-01-16 23:00:00', 69, 30, 9, 8),
    (17, '2021-01-17 10:00:00', 81, 23, 12, 1),
    (18, '2021-01-18 14:00:00', 77, 26, 5, 2),
    (19, '2021-01-19 18:00:00', 72, 29, 8, 3),
    (20, '2021-01-20 22:00:00', 67, 22, 11, 4),
    (21, '2021-01-21 09:00:00', 83, 25, 4, 5),
    (22, '2021-01-22 13:00:00', 75, 28, 7, 6),
    (23, '2021-01-23 17:00:00', 70, 31, 10, 7),
    (24, '2021-01-24 21:00:00', 65, 20, 3, 8),
    (25, '2021-01-25 11:00:00', 86, 27, 6, 1),
    (26, '2021-01-26 15:00:00', 78, 22, 9, 2),
    (27, '2021-01-27 19:00:00', 73, 25, 12, 3),
    (28, '2021-01-28 23:00:00', 68, 28, 5, 4),
    (29, '2021-01-29 10:00:00', 84, 31, 8, 5),
    (30, '2021-01-30 14:00:00', 76, 24, 11, 6),
    (31, '2021-01-31 18:00:00', 71, 27, 4, 7),
    (32, '2021-02-01 22:00:00', 66, 30, 7, 8),
    (33, '2021-02-02 09:00:00', 80, 23, 10, 1),
    (34, '2021-02-03 13:00:00', 75, 26, 3, 2),
    (35, '2021-02-04 17:00:00', 70, 29, 6, 3),
    (36, '2021-02-05 21:00:00', 65, 22, 9, 4),
    (37, '2021-02-06 10:00:00', 85, 25, 12, 5),
    (38, '2021-02-07 14:00:00', 78, 28, 5, 6),
    (39, '2021-02-08 18:00:00', 73, 31, 8, 7),
    (40, '2021-02-09 22:00:00', 68, 24, 11, 8),
    (41, '2021-02-02 09:00:00', 80, 23, 10, 1),
    (42, '2021-02-03 13:00:00', 75, 26, 3, 2),
    (43, '2021-02-04 17:00:00', 70, 29, 6, 3),
    (44, '2021-02-05 21:00:00', 65, 22, 9, 4),
    (45, '2021-02-06 10:00:00', 85, 25, 12, 5),
    (46, '2021-02-07 14:00:00', 78, 28, 5, 6),
    (47, '2021-02-08 18:00:00', 73, 31, 8, 7),
    (48, '2021-02-09 22:00:00', 68, 24, 11, 8),
    (49, '2022-01-01 08:00:00', 82, 26, 5, 1),
    (50, '2022-01-10 12:00:00', 75, 28, 8, 2),
    (51, '2022-01-15 16:00:00', 70, 30, 10, 3),
    (52, '2022-01-20 20:00:00', 65, 23, 3, 4),
    (53, '2022-02-01 10:00:00', 85, 27, 12, 5),
    (54, '2022-02-10 14:00:00', 78, 22, 6, 6),
    (55, '2022-02-15 18:00:00', 73, 26, 9, 7),
    (56, '2022-02-20 22:00:00', 68, 29, 11, 8),
    (57, '2022-03-01 09:00:00', 82, 24, 4, 1),
    (58, '2022-03-10 13:00:00', 76, 31, 7, 2),
    (59, '2022-03-15 17:00:00', 71, 20, 2, 3),
    (60, '2022-03-20 21:00:00', 66, 25, 5, 4),
    (61, '2022-04-01 11:00:00', 88, 28, 8, 5),
    (62, '2022-04-10 15:00:00', 79, 21, 3, 6),
    (63, '2022-04-15 19:00:00', 74, 27, 6, 7),
    (64, '2022-04-20 23:00:00', 69, 30, 9, 8),
    (65, '2022-05-01 10:00:00', 81, 23, 12, 1),
    (66, '2022-05-10 14:00:00', 77, 26, 5, 2),
    (67, '2022-05-15 18:00:00', 72, 29, 8, 3),
    (68, '2022-05-20 22:00:00', 67, 22, 11, 4),
    (69, '2022-06-01 09:00:00', 83, 25, 4, 5),
    (70, '2022-06-10 13:00:00', 75, 28, 7, 6),
    (71, '2022-06-15 17:00:00', 70, 31, 10, 7),
    (72, '2022-06-20 21:00:00', 65, 20, 3, 8),
    (73, '2022-07-01 11:00:00', 86, 27, 6, 1),
    (74, '2022-07-10 15:00:00', 78, 22, 9, 2),
    (75, '2022-07-15 19:00:00', 73, 25, 12, 3),
    (76, '2022-07-20 23:00:00', 68, 28, 5, 4),
    (77, '2022-08-01 10:00:00', 84, 31, 8, 5),
    (78, '2022-08-10 14:00:00', 76, 24, 11, 6),
    (79, '2022-08-15 18:00:00', 71, 27, 4, 7),
    (80, '2023-01-01 07:00:00', 65, 25, 5, 1),
    (81, '2023-01-08 09:00:00', 70, 24, 8, 2),
    (82, '2023-01-15 23:00:00', 60, 26, 3, 3),
    (83, '2023-01-22 15:00:00', 75, 23, 10, 4),
    (84, '2023-02-01 16:00:00', 68, 27, 2, 5),
    (85, '2023-02-08 21:00:00', 72, 22, 7, 6),
    (86, '2023-02-15 02:00:00', 64, 28, 4, 7),
    (87, '2023-02-22 03:00:00', 78, 21, 12, 8),
    (88, '2023-03-01 12:00:00', 67, 25, 6, 1),
    (89, '2023-03-08 13:00:00', 73, 24, 9, 2),
    (90, '2023-03-15 19:00:00', 62, 26, 5, 3),
    (91, '2023-03-22 22:00:00', 76, 23, 11, 4),
    (92, '2023-04-01 03:00:00', 69, 27, 3, 5),
    (93, '2023-04-08 22:00:00', 71, 22, 6, 6),
    (94, '2023-04-15 18:00:00', 66, 28, 2, 7),
    (95, '2023-04-22 12:00:00', 79, 21, 9, 8),
    (96, '2023-05-01 07:00:00', 66, 25, 7, 1),
    (97, '2023-05-08 08:00:00', 74, 24, 10, 2),
    (98, '2023-05-15 09:00:00', 61, 26, 4, 3),
    (99, '2023-05-22 16:00:00', 77, 23, 8, 4),
    (100, '2023-06-01 20:00:00', 70, 27, 1, 5),
    (101, '2023-06-08 00:00:00', 75, 22, 5, 6),
    (102, '2023-06-15 17:00:00', 63, 28, 3, 7),
    (103, '2023-06-22 05:00:00', 80, 21, 10, 8),
    (104, '2023-07-01 04:00:00', 64, 25, 8, 1),
    (105, '2023-07-08 06:00:00', 76, 24, 11, 2),
    (106, '2023-07-15 15:00:00', 59, 26, 6, 3),
    (107, '2023-07-22 13:00:00', 81, 23, 13, 4),
    (108, '2023-08-01 13:00:00', 65, 27, 4, 5),
    (109, '2023-08-08 09:00:00', 77, 22, 9, 6),
    (110, '2023-08-15 07:00:00', 68, 28, 1, 7),
    (111, '2023-08-22 13:00:00', 82, 21, 11, 8),
    (112, '2023-09-01 14:00:00', 63, 25, 9, 1),
    (113, '2023-09-08 09:00:00', 78, 24, 12, 2),
    (114, '2023-09-15 16:00:00', 60, 26, 7, 3),
    (115, '2023-09-22 18:00:00', 83, 23, 14, 4),
    (116, '2023-10-01 20:00:00', 62, 27, 5, 5),
    (117, '2023-10-08 21:00:00', 79, 22, 8, 6),
    (118, '2023-10-15 23:00:00', 67, 28, 2, 7),
    (119, '2023-10-22 07:00:00', 84, 21, 10, 8),
    (120, '2023-11-01 08:00:00', 61, 25, 10, 1),
    (121, '2023-11-08 09:00:00', 80, 24, 13, 2),
    (122, '2023-11-15 19:00:00', 58, 26, 8, 3),
    (123, '2023-11-22 21:00:00', 85, 23, 15, 4),
    (124, '2023-12-01 03:00:00', 59, 27, 6, 5),
    (125, '2023-12-08 05:00:00', 81, 22, 10, 6),
    (126, '2023-12-15 09:00:00', 66, 28, 4, 7),
    (127, '2023-12-22 06:00:00', 86, 21, 12, 8);

INSERT INTO bd_parque_ecologico.MANUTENCAO (COD_MANUTENCAO, DESCRICAO) VALUES
    (1, 'Verificação e limpeza dos trilhos'),
    (2, 'Substituição de lâmpadas danificadas'),
    (3, 'Podas de árvores e arbustos'),
    (4, 'Manutenção de trilhas'),
    (5, 'Reparo em cercas danificadas'),
    (6, 'Limpeza de áreas de descanso'),
    (7, 'Manutenção de bebedouros'),
    (8, 'Inspeção de equipamentos de recreação'),
    (9, 'Reparo em pontes e passarelas'),
    (10, 'Controle de pragas'),
    (11, 'Manutenção de banheiros públicos'),
    (12, 'Reparo em bancos e mesas'),
    (13, 'Verificação de sistemas de irrigação'),
    (14, 'Substituição de placas informativas'),
    (15, 'Manutenção de áreas de piquenique'),
    (16, "Limpeza de lagoas e cursos d'água"),
    (17, 'Inspeção de sistemas de segurança'),
    (18, 'Reparo em estruturas de observação de pássaros'),
    (19, 'Controle de vegetação invasora'),
    (20, 'Manutenção de estacionamentos'),
    (21, 'Substituição de sinalizações danificadas'),
    (22, 'Reparo em mirantes'),
    (23, 'Verificação de condições das trilhas para cadeirantes');

INSERT INTO bd_parque_ecologico.MANUTENCAO_PARQUE (COD_MANUTENCAO_PARQUE, DATA_INICIO, DATA_FIM, CUSTO, COD_PARQUE, COD_MANUTENCAO) VALUES
    (1, '2023-01-05', '2023-01-10', 1500, 1, 1),
    (2, '2023-02-12', '2023-02-18', 1200, 2, 5),
    (3, '2023-03-08', '2023-03-15', 1800, 3, 10),
    (4, '2023-04-20', '2023-04-25', 1000, 4, 15),
    (5, '2023-05-03', '2023-05-08', 1300, 5, 20),
    (6, '2023-06-15', '2023-06-22', 2000, 6, 2),
    (7, '2023-07-10', '2023-07-16', 1500, 7, 7),
    (8, '2023-08-18', '2023-08-25', 1700, 8, 12),
    (9, '2023-09-02', '2023-09-08', 1200, 1, 17),
    (10, '2023-10-15', '2023-10-22', 1600, 2, 22),
    (11, '2023-11-07', '2023-11-14', 1400, 3, 3),
    (12, '2023-12-20', '2023-12-27', 1900, 4, 8),
    (13, '2023-01-15', '2023-01-22', 1100, 5, 13),
    (14, '2023-02-28', '2023-03-05', 1300, 6, 18),
    (15, '2023-03-20', '2023-03-27', 1500, 7, 23),
    (16, '2023-04-10', '2023-04-17', 1700, 8, 4),
    (17, '2023-05-25', '2023-06-01', 2000, 1, 9),
    (18, '2023-06-08', '2023-06-15', 1200, 2, 14),
    (19, '2023-07-12', '2023-07-19', 1400, 3, 19),
    (20, '2023-08-30', '2023-09-05', 1800, 4, 21),
    (21, '2023-09-18', '2023-09-25', 1600, 5, 1),
    (22, '2023-10-05', '2023-10-12', 1900, 6, 6),
    (23, '2023-11-22', '2023-11-29', 1700, 7, 11);